	STATION	DIVISION	DAILY COUNTS	DAILY EXITS	Division	Stop Name	Station ID	Complex ID	GTFS Stop ID	Line	Borough	Daytime Routes	Structure	GTFS Latitude	GTFS Longitude
0	GRD CNTRL-42 ST	IRT	2617020.0	2446281.0	IRT	Grand Central - 42 St	402.0	610.0	631	Lexington Av	M	4 5 6	Subway	40.751776	-73.976848
1	42 ST-PORT AUTH	IND	1830374.0	1381056.0	IND	42 St - Port Authority Bus Terminal	163.0	611.0	A27	8th Av - Fulton St	M	A C E	Subway	40.757308	-73.989735
2	TIMES SQ-42 ST	IRT	1605614.0	1340308.0	IRT	Times Sq - 42 St	317.0	611.0	127	Broadway - 7Av	M	1 2 3	Subway	40.75529	-73.987495
3	34 ST-PENN STA	IRT	1486414.0	1210294.0	IRT	34 St - Penn Station	318.0	318.0	128	Broadway - 7Av	M	1 2 3	Subway	40.750372999999996	-73.991057
4	34 ST-PENN STA	IND	1422052.0	1260938.0	IND	34 St - Penn Station	164.0	164.0	A28	8th Av - Fulton St	M	A C E	Subway	40.752287	-73.993391
5	34 ST-HERALD SQ	IND	1381388.0	1279008.0	IND	34 St - Herald Sq	227.0	607.0	D17	6th Av - Culver	M	B D F M	Subway	40.749719	-73.98782299999999
6	14 ST-UNION SQ	BMT	1330926.0	1145367.0	BMT	14 St - Union Sq	15.0	602.0	R20	Broadway - Brighton	M	N Q R W	Subway	40.735735999999996	-73.99056800000001
7	86 ST	IRT	1210198.0	1097619.0	IRT	86 St	311.0	311.0	121	Broadway - 7Av	M	1	Subway	40.788644	-73.976218
8	FULTON ST	IND	1133014.0	632621.0	IND	Fulton St	172.0	628.0	A38	8th Av - Fulton St	M	A C	Subway	40.710196999999994	-74.00769100000001
9	59 ST COLUMBUS	IND	1010398.0	815947.0	IND	59 St - Columbus Circle	161.0	614.0	A24	8th Av - Fulton St	M	A B C D	Subway	40.768296	-73.981736
10	PATH NEW WTC	PTH	1008106.0	933847.0	 	 									
11	FLUSHING-MAIN	IRT	1000594.0	840134.0	IRT	Flushing - Main St	447.0	447.0	701	Flushing	Q	7	Subway	40.7596	-73.83003000000001
12	CANAL ST	BMT	988699.0	647797.0	BMT	Canal St	18.0	623.0	R23	Broadway	M	R W	Subway	40.719527	-74.001775
13	47-50 STS ROCK	IND	970347.0	999347.0	IND	47-50 Sts - Rockefeller Ctr	225.0	225.0	D15	6th Av - Culver	M	B D F M	Subway	40.758663	-73.981329
14	96 ST	IRT	936091.0	748585.0	IRT	96 St	310.0	310.0	120	Broadway - 7Av	M	1 2 3	Subway	40.793919	-73.972323
15	125 ST	IRT	902784.0	688618.0	IRT	125 St	306.0	306.0	116	Broadway - 7Av	M	1	Elevated	40.815581	-73.958372
16	JKSN HT-ROOSVLT	IND	898908.0	676289.0	  	 									
17	23 ST	IND	886897.0	660072.0	IND	23 St	165.0	165.0	A30	8th Av - Fulton St	M	C E	Subway	40.745906	-73.998041
18	34 ST-HERALD SQ	BMT	876855.0	705132.0	BMT	34 St - Herald Sq	12.0	607.0	R17	Broadway - Brighton	M	N Q R W	Subway	40.749567	-73.98795
19	W 4 ST-WASH SQ	IND	772381.0	708132.0	IND	W 4 St	167.0	167.0	A32	8th Av - Fulton St	M	A C E	Subway	40.732338	-74.000495
20	72 ST	IRT	756155.0	721275.0	IRT	72 St	313.0	313.0	123	Broadway - 7Av	M	1 2 3	Subway	40.778453000000006	-73.98196999999999
21	59 ST	IRT	745560.0	753629.0	IRT	59 St	400.0	613.0	629	Lexington Av	M	4 5 6	Subway	40.762526	-73.967967
22	42 ST-BRYANT PK	IND	737470.0	717891.0	IND	42 St - Bryant Pk	226.0	609.0	D16	6th Av - Culver	M	B D F M	Subway	40.754222	-73.984569
23	14 ST	IND	683955.0	682280.0	IND	14 St	166.0	618.0	A31	8th Av - Fulton St	M	A C E	Subway	40.740893	-74.00169
24	23 ST	IRT	680181.0	537037.0	IRT	23 St	320.0	320.0	130	Broadway - 7Av	M	1	Subway	40.744081	-73.995657
25	WALL ST	IRT	678720.0	582192.0	IRT	Wall St	333.0	333.0	230	Clark St	M	2 3	Subway	40.706821000000005	-74.0091
26	LEXINGTON AV/53	IND	677347.0	691205.0	IND	Lexington Av/53 St	275.0	612.0	F11	Queens Blvd	M	E M	Subway	40.757552000000004	-73.96905500000001
27	8 AV	BMT	670648.0	450043.0	BMT	8 Av	71.0	71.0	N02	Sea Beach	Bk	N	Open Cut	40.635064	-74.011719
28	57 ST-7 AV	BMT	649190.0	429644.0	BMT	57 St - 7 Av	9.0	9.0	R14	Broadway - Brighton	M	N Q R W	Subway	40.764664	-73.98065799999999
29	DEKALB AV	BMT	621924.0	219027.0	BMT	DeKalb Av	26.0	26.0	R30	Broadway - Brighton	Bk	B Q R	Subway	40.690635	-73.981824
30	JAY ST-METROTEC	IND	619026.0	341637.0	IND	Jay St - MetroTech	174.0	636.0	A41	8th Av - Fulton St	Bk	A C F	Subway	40.692338	-73.987342
31	JAMAICA CENTER	IND	616600.0	538212.0	IND	Jamaica Center - Parsons/Archer	278.0	278.0	G05	Queens - Archer	Q	E J Z	Subway	40.702147	-73.801109
32	28 ST	IRT	605503.0	506599.0	IRT	28 St	319.0	319.0	129	Broadway - 7Av	M	1	Subway	40.747215000000004	-73.993365
33	14 ST-UNION SQ	IRT	573454.0	512112.0	IRT	14 St - Union Sq	406.0	602.0	635	Lexington Av	M	4 5 6	Subway	40.734673	-73.989951
34	ATL AV-BARCLAY	IRT	565795.0	473302.0	IRT	Atlantic Av - Barclays Ctr	338.0	617.0	235	Eastern Pky	Bk	2 3	Subway	40.684359	-73.977666
35	BEDFORD AV	BMT	562760.0	620223.0	BMT	Bedford Av	120.0	120.0	L08	Canarsie	Bk	L	Subway	40.717304	-73.956872
36	BOROUGH HALL	IRT	547937.0	361052.0	IRT	Borough Hall	335.0	620.0	232	Clark St	Bk	2 3	Subway	40.693219	-73.989998
37	BOWLING GREEN	IRT	534397.0	474725.0	IRT	Bowling Green	414.0	414.0	420	Lexington Av	M	4 5	Subway	40.704817	-74.014065
38	JOURNAL SQUARE	PTH	528374.0	597157.0	 	 									
39	125 ST	IND	515784.0	443588.0	IND	125 St	153.0	153.0	A15	8th Av - Fulton St	M	A B C D	Subway	40.811109	-73.952343
40	72 ST-2 AVE	IND	514775.0	443749.0	IND	72 St	160.0	160.0	A22	8th Av - Fulton St	M	B C	Subway	40.775594	-73.97641
41	7 AV	IND	503707.0	436459.0	IND	7 Av	240.0	240.0	F24	6th Av - Culver	Bk	F G	Subway	40.666271	-73.980305
42	49 ST	BMT	485839.0	406305.0	BMT	49 St	10.0	10.0	R15	Broadway - Brighton	M	N R W	Subway	40.759901	-73.984139
43	THIRTY THIRD ST	PTH	481376.0	418393.0	 	 									
44	FOREST HILLS 71	IND	470255.0	246549.0	IND	Forest Hills - 71 Av	261.0	261.0	G08	Queens Blvd	Q	E F M R	Subway	40.721691	-73.844521
45	33 ST	IRT	469852.0	355735.0	IRT	33 St	403.0	403.0	632	Lexington Av	M	6	Subway	40.746081	-73.982076
46	CHAMBERS ST	IND	468096.0	299668.0	IND	Chambers St	170.0	624.0	A36	8th Av - Fulton St	M	A C	Subway	40.714110999999995	-74.008585
47	86 ST-2 AVE	IND	466570.0	306687.0	IND	86 St	158.0	158.0	A20	8th Av - Fulton St	M	B C	Subway	40.785868	-73.96891600000001
48	CROWN HTS-UTICA	IRT	465355.0	362396.0	IRT	Crown Hts - Utica Av	345.0	345.0	250	Eastern Pky	Bk	3 4	Subway	40.668896999999994	-73.93294200000001
49	59 ST	BMT	458890.0	244215.0	BMT	59 St	35.0	35.0	R41	4th Av	Bk	N R	Subway	40.641362	-74.017881
50	116 ST	IRT	456479.0	250384.0	IRT	116 St	393.0	393.0	622	Lexington Av	M	6	Subway	40.798629	-73.94161700000001
51	50 ST	IRT	456389.0	421818.0	IRT	50 St	316.0	316.0	126	Broadway - 7Av	M	1	Subway	40.761728000000005	-73.98384899999999
52	103 ST	IRT	447345.0	309548.0	IRT	103 St	309.0	309.0	119	Broadway - 7Av	M	1	Subway	40.799446	-73.968379
53	GRAND ST	IND	438045.0	318343.0	IND	Grand St	231.0	231.0	D22	6th Av - Culver	M	B D	Subway	40.718267	-73.993753
54	FULTON ST	IRT	433393.0	619186.0	IRT	Fulton St	332.0	628.0	229	Clark St	M	2 3	Subway	40.709416	-74.006571
55	KEW GARDENS	IND	431356.0	428590.0	IND	Kew Gardens - Union Tpke	259.0	259.0	F06	Queens Blvd	Q	E F	Subway	40.714441	-73.831008
56	SUTPHIN-ARCHER	IND	426998.0	351211.0	IND	Sutphin Blvd - Archer Av - JFK Airport	279.0	279.0	G06	Queens - Archer	Q	E J Z	Subway	40.700486	-73.807969
57	77 ST	IRT	423889.0	418462.0	IRT	77 St	398.0	398.0	627	Lexington Av	M	6	Subway	40.77362	-73.959874
58	23 ST	BMT	417736.0	231790.0	BMT	23 St	14.0	14.0	R19	Broadway - Brighton	M	R W	Subway	40.741303	-73.98934399999999
59	145 ST	IND	409699.0	399620.0	IND	145 St	151.0	151.0	A12	8th Av - Fulton St	M	A C	Subway	40.824783000000004	-73.944216
60	1 AV	BMT	405298.0	438168.0	BMT	1 Av	119.0	119.0	L06	Canarsie	M	L	Subway	40.730953	-73.981628
61	14 ST	IRT	402880.0	230952.0	IRT	14 St	322.0	601.0	132	Broadway - 7Av	M	1 2 3	Subway	40.737826	-74.000201
62	5 AV/53 ST	IND	399446.0	439432.0	IND	5 Av/53 St	276.0	276.0	F12	Queens Blvd	M	E M	Subway	40.760166999999996	-73.975224
63	GROVE STREET	PTH	398366.0	487143.0	 	 									
64	KINGS HWY	BMT	391072.0	307265.0	BMT	Kings Hwy	51.0	51.0	D35	Broadway - Brighton	Bk	B Q	Open Cut	40.608670000000004	-73.957734
65	3 AV-149 ST	IRT	390374.0	159929.0	IRT	3 Av - 149 St	434.0	434.0	221	Lenox - White Plains Rd	Bx	2 5	Subway	40.816109000000004	-73.917757
66	B'WAY-LAFAYETTE	IND	385814.0	504914.0											
67	JUNCTION BLVD	IRT	384896.0	321582.0	IRT	Junction Blvd	451.0	451.0	707	Flushing	Q	7	Elevated	40.749145	-73.869527
68	MYRTLE-WYCKOFF	BMT	382099.0	227701.0	BMT	Myrtle - Wyckoff Avs	112.0	630.0	M08	Myrtle Av	Bk	M	Elevated	40.69943	-73.912385
69	66 ST-LINCOLN	IRT	377101.0	340839.0	IRT	66 St - Lincoln Center	314.0	314.0	124	Broadway - 7Av	M	1	Subway	40.77344	-73.982209
70	CORTLANDT ST	BMT	375919.0	288861.0	BMT	Cortlandt St	21.0	21.0	R25	Broadway	M	R W	Subway	40.710668	-74.01102900000001
71	WOODHAVEN BLVD	IND	369894.0	218959.0	IND	Woodhaven Blvd	264.0	264.0	G11	Queens Blvd	Q	M R	Subway	40.733106	-73.869229
72	LEXINGTON AV/63	IND	369814.0	412190.0	IND	Lexington Av/63 St	223.0	223.0	B08	63rd St	M	F Q	Subway	40.764629	-73.966113
73	CONEY IS-STILLW	BMT	365168.0	279240.0	BMT	Coney Island - Stillwell Av	58.0	58.0	D43	Sea Beach / West End / Culver / Brighton	Bk	D F N Q	Viaduct	40.577422	-73.98123299999999
74	51 ST	IRT	360762.0	391957.0	IRT	51 St	401.0	612.0	630	Lexington Av	M	6	Subway	40.757107	-73.97192
75	JAMAICA 179 ST	IND	357470.0	152043.0	IND	Jamaica - 179 St	254.0	254.0	F01	Queens Blvd	Q	F	Subway	40.712646	-73.783817
76	50 ST	IND	355907.0	208729.0	IND	50 St	162.0	162.0	A25	8th Av - Fulton St	M	C E	Subway	40.762456	-73.985984
77	CITY / BUS	PTH	354516.0	486549.0	 	 									
78	CANAL ST	IND	352135.0	313707.0	IND	Canal St	169.0	169.0	A34	8th Av - Fulton St	M	A C E	Subway	40.720824	-74.005229
79	103 ST-CORONA	IRT	348928.0	259248.0	IRT	103 St - Corona Plaza	450.0	450.0	706	Flushing	Q	7	Elevated	40.749865	-73.8627
80	96 ST-2 AVE	IND	348379.0	246009.0	IND	96 St	157.0	157.0	A19	8th Av - Fulton St	M	B C	Subway	40.791641999999996	-73.96469599999999
81	BROOKLYN BRIDGE	IRT	346711.0	274474.0	IRT	Brooklyn Bridge - City Hall	411.0	622.0	640	Lexington Av	M	4 5 6	Subway	40.713065	-74.004131
82	81 ST-MUSEUM	IND	344394.0	284747.0	IND	81 St - Museum of Natural History	159.0	159.0	A21	8th Av - Fulton St	M	B C	Subway	40.781433	-73.972143
83	WHITEHALL S-FRY	BMT	337948.0	313818.0	BMT	Whitehall St	23.0	635.0	R27	Broadway	M	R W	Subway	40.703087	-74.01299399999999
84	161/YANKEE STAD	IND	337323.0	210728.0	IND	161 St - Yankee Stadium	219.0	604.0	D11	Concourse	Bx	B D	Subway	40.827905	-73.925651
85	68ST-HUNTER CO	IRT	330167.0	271304.0	IRT	68 St - Hunter College	399.0	399.0	628	Lexington Av	M	6	Subway	40.768141	-73.96387
86	NEWARK BM BW	PTH	327664.0	35721.0	 	 									
87	PAVONIA/NEWPORT	PTH	325921.0	416959.0	 	 									
88	NOSTRAND AV	IND	323282.0	228248.0	IND	Nostrand Av	179.0	179.0	A46	8th Av - Fulton St	Bk	A C	Subway	40.680438	-73.95042600000001
89	CHAMBERS ST	IRT	322994.0	300518.0	IRT	Chambers St	327.0	327.0	137	Broadway - 7Av	M	1 2 3	Subway	40.715478000000004	-74.009266
90	WORLD TRADE CTR	IND	321756.0	238083.0	IND	World Trade Center	171.0	624.0	E01	8th Av - Fulton St	M	E	Subway	40.712582	-74.009781
91	FLATBUSH AV-B.C	IRT	319831.0	179565.0	IRT	Flatbush Av - Brooklyn College	359.0	359.0	247	Nostrand	Bk	2 5	Subway	40.632836	-73.947642
92	GRAND-NEWTOWN	IND	317470.0	178701.0	IND	Grand Av - Newtown	265.0	265.0	G12	Queens Blvd	Q	M R	Subway	40.737015	-73.877223
93	8 ST-NYU	BMT	309024.0	221177.0	BMT	8 St - NYU	16.0	16.0	R21	Broadway - Brighton	M	R W	Subway	40.730328	-73.99262900000001
94	2 AV	IND	308102.0	304317.0	IND	2 Av	232.0	232.0	F14	6th Av - Culver	M	F	Subway	40.723402	-73.989938
95	61 ST WOODSIDE	IRT	304903.0	327543.0	  	 									
96	QUEENSBORO PLZ	IRT	303727.0	89315.0	IRT	Queensboro Plaza	461.0	461.0	718	Flushing	Q	7	Elevated	40.750582	-73.940202
97	UTICA AV	IND	299878.0	223539.0	IND	Utica Av	181.0	181.0	A48	8th Av - Fulton St	Bk	A C	Subway	40.679364	-73.930729
98	STEINWAY ST	IND	297937.0	210578.0	IND	Steinway St	271.0	271.0	G19	Queens Blvd	Q	M R	Subway	40.756879	-73.92074000000001
99	5 AV/59 ST	BMT	297284.0	216317.0	BMT	5 Av/59 St	8.0	8.0	R13	Astoria	M	N W R	Subway	40.764811	-73.973347
100	CHURCH AV	BMT	296138.0	306126.0	BMT	Church Av	44.0	44.0	D28	Broadway - Brighton	Bk	B Q	Open Cut	40.650527000000004	-73.962982
101	90 ST-ELMHURST	IRT	294382.0	139424.0	IRT	90 St - Elmhurst Av	452.0	452.0	708	Flushing	Q	7	Elevated	40.748408000000005	-73.876613
102	DELANCEY/ESSEX	IND	293106.0	242235.0	IND	Delancey St	233.0	625.0	F15	6th Av - Culver	M	F	Subway	40.718610999999996	-73.988114
103	SOUTH FERRY	IRT	290082.0	233112.0	IRT	South Ferry	330.0	635.0	142	Broadway - 7Av	M	1	Subway	40.702068	-74.013664
104	EXCHANGE PLACE	PTH	286646.0	270904.0	 	 									
105	ASTOR PL	IRT	284219.0	285841.0	IRT	Astor Pl	407.0	407.0	636	Lexington Av	M	6	Subway	40.730053999999996	-73.99107
106	79 ST	IRT	281693.0	144920.0	IRT	79 St	312.0	312.0	122	Broadway - 7Av	M	1	Subway	40.783934	-73.979917
107	PRINCE ST	BMT	279368.0	268378.0	BMT	Prince St	17.0	17.0	R22	Broadway - Brighton	M	R W	Subway	40.724329	-73.997702
108	BLEECKER ST	IRT	277670.0	106298.0	IRT	Bleecker St	408.0	619.0	637	Lexington Av	M	6	Subway	40.725915	-73.994659
109	VERNON-JACKSON	IRT	273925.0	206255.0	IRT	Vernon Blvd - Jackson Av	464.0	464.0	721	Flushing	Q	7	Subway	40.742626	-73.953581
110	63 DR-REGO PARK	IND	273290.0	111350.0	IND	63 Dr - Rego Park	263.0	263.0	G10	Queens Blvd	Q	M R	Subway	40.729846	-73.861604
111	HALSEY ST	BMT	272547.0	146461.0	BMT	Halsey St	94.0	94.0	J29	Jamaica	Bk	J	Elevated	40.686370000000004	-73.91655899999999
112	PARKCHESTER	IRT	271738.0	291326.0	IRT	Parkchester	366.0	366.0	608	Pelham	Bx	6	Elevated	40.833226	-73.860816
113	BAY PKWY	BMT	270323.0	181937.0	BMT	Bay Pkwy	68.0	68.0	B21	West End	Bk	D	Elevated	40.601875	-73.993728
114	82 ST-JACKSON H	IRT	270211.0	329394.0	IRT	82 St - Jackson Hts	453.0	453.0	709	Flushing	Q	7	Elevated	40.747659000000006	-73.883697
115	TIMES SQ-42 ST	BMT	267883.0	390770.0	BMT	Times Sq - 42 St	11.0	611.0	R16	Broadway - Brighton	M	N Q R W	Subway	40.754672	-73.986754
116	HOUSTON ST	IRT	262311.0	173011.0	IRT	Houston St	324.0	324.0	134	Broadway - 7Av	M	1	Subway	40.728251	-74.005367
117	36 ST	BMT	259970.0	155678.0	BMT	36 St	32.0	32.0	R36	4th Av	Bk	D N R	Subway	40.655144	-74.00354899999999
118	135 ST	IRT	251982.0	75715.0	IRT	135 St	438.0	438.0	224	Lenox - White Plains Rd	M	2 3	Subway	40.814229	-73.94077
119	137 ST CITY COL	IRT	249227.0	215851.0	IRT	137 St - City College	305.0	305.0	115	Broadway - 7Av	M	1	Subway	40.822008000000004	-73.953676
120	168 ST	IND	248924.0	101167.0	IND	168 St	148.0	605.0	A09	8th Av - Fulton St	M	A C	Subway	40.840719	-73.939561
121	EAST BROADWAY	IND	248089.0	125159.0	IND	East Broadway	234.0	234.0	F16	6th Av - Culver	M	F	Subway	40.713715	-73.990173
122	JFK JAMAICA CT1	IND	247698.0	164271.0	  	 									
123	59 ST COLUMBUS	IRT	243481.0	192226.0	IRT	59 St - Columbus Circle	315.0	614.0	125	Broadway - 7Av	M	1	Subway	40.768246999999995	-73.98192900000001
124	SHEEPSHEAD BAY	BMT	242858.0	218564.0	BMT	Sheepshead Bay	54.0	54.0	D39	Broadway - Brighton	Bk	B Q	Open Cut	40.586896	-73.954155
125	ASTORIA BLVD	BMT	240746.0	175211.0	BMT	Astoria Blvd	2.0	2.0	R03	Astoria	Q	N W	Elevated	40.770258	-73.917843
126	57 ST	IND	238376.0	221131.0	IND	57 St	224.0	224.0	B10	6th Av - Culver	M	F	Subway	40.763971999999995	-73.97745
127	ASTORIA DITMARS	BMT	238093.0	130452.0	BMT	Astoria - Ditmars Blvd	1.0	1.0	R01	Astoria	Q	N W	Elevated	40.775036	-73.91203399999999
128	MARCY AV	BMT	234539.0	180473.0	BMT	Marcy Av	101.0	101.0	M16	Jamaica	Bk	J M Z	Elevated	40.708359	-73.957757
129	28 ST	BMT	233289.0	252255.0	BMT	28 St	13.0	13.0	R18	Broadway - Brighton	M	R W	Subway	40.745494	-73.988691
130	CATHEDRAL PKWY	IRT	232775.0	118076.0	IRT	Cathedral Pkwy	308.0	308.0	118	Broadway - 7Av	M	1	Subway	40.803967	-73.966847
131	46 ST BLISS ST	IRT	231598.0	178382.0	IRT	46 St	458.0	458.0	714	Flushing	Q	7	Elevated	40.743132	-73.918435
132	175 ST	IND	231575.0	119159.0	IND	175 St	147.0	147.0	A07	8th Av - Fulton St	M	A	Subway	40.847390999999995	-73.939704
133	86 ST	BMT	231215.0	126122.0	BMT	86 St	38.0	38.0	R44	4th Av	Bk	R	Subway	40.622687	-74.028398
134	ST. GEORGE	SRT	231164.0	10.0	SIR	St George	501.0	501.0	S31	Staten Island	SI	SIR	Open Cut	40.643747999999995	-74.073643
135	168 ST	IRT	226772.0	230788.0	IRT	168 St - Washington Hts	302.0	605.0	112	Broadway - 7Av	M	1	Subway	40.840556	-73.94013299999999
136	FRANKLIN AV	IRT	226480.0	133322.0	IRT	Franklin Av	342.0	626.0	239	Eastern Pky	Bk	2 3 4 5	Subway	40.670682	-73.95813100000001
137	SPRING ST	IND	224029.0	45720.0	IND	Spring St	168.0	168.0	A33	8th Av - Fulton St	M	C E	Subway	40.726227	-74.003739
138	BRIGHTON BEACH	BMT	223876.0	151779.0	BMT	Brighton Beach	55.0	55.0	D40	Broadway - Brighton	Bk	B Q	Elevated	40.577621	-73.961376
139	5 AVE	IRT	222675.0	187009.0	IRT	5 Av	466.0	609.0	724	Flushing	M	7	Subway	40.753821	-73.98196300000001
140	116 ST-COLUMBIA	IRT	222216.0	117403.0	IRT	116 St - Columbia University	307.0	307.0	117	Broadway - 7Av	M	1	Subway	40.807722	-73.96410999999999
141	ELMHURST AV	IND	220040.0	52769.0	IND	Elmhurst Av	266.0	266.0	G13	Queens Blvd	Q	M R	Subway	40.742453999999995	-73.882017
142	BROADWAY	BMT	219679.0	137938.0	BMT	Broadway	4.0	4.0	R05	Astoria	Q	N W	Elevated	40.76182	-73.925508
143	ATL AV-BARCLAY	BMT	214831.0	247606.0	BMT	Atlantic Av - Barclays Ctr	27.0	617.0	R31	4th Av	Bk	D N R	Subway	40.683665999999995	-73.97881
144	161/YANKEE STAD	IRT	213801.0	112802.0	IRT	161 St - Yankee Stadium	389.0	604.0	414	Jerome Av	Bx	4	Elevated	40.827994	-73.925831
145	SPRING ST	IRT	213053.0	215856.0	IRT	Spring St	409.0	409.0	638	Lexington Av	M	6	Subway	40.722301	-73.997141
146	COURT SQ	IND	209898.0	201741.0	IND	Court Sq	274.0	606.0	F09	Queens Blvd	Q	E M	Subway	40.747846	-73.946
147	145 ST	IRT	209454.0	124711.0	IRT	145 St	304.0	304.0	114	Broadway - 7Av	M	1	Subway	40.826551	-73.95036
148	GUN HILL RD	IRT	207348.0	159138.0	IRT	Gun Hill Rd	421.0	421.0	208	Lenox - White Plains Rd	Bx	2 5	Elevated	40.87785	-73.866256
149	YORK ST	IND	206599.0	90787.0	IND	York St	235.0	235.0	F18	6th Av - Culver	Bk	F	Subway	40.701397	-73.986751
150	CANARSIE-ROCKAW	BMT	206456.0	50803.0	BMT	Canarsie - Rockaway Pkwy	138.0	138.0	L29	Canarsie	Bk	L	At Grade	40.646654	-73.90185
151	MYRTLE AV	BMT	205524.0	124617.0	BMT	Myrtle Av	97.0	97.0	M11	Jamaica	Bk	J M Z	Elevated	40.697207	-73.93565699999999
152	HIGH ST	IND	205522.0	225344.0	IND	High St	173.0	173.0	A40	8th Av - Fulton St	Bk	A C	Subway	40.699337	-73.990531
153	FORDHAM RD	IND	204045.0	104886.0	IND	Fordham Rd	213.0	213.0	D05	Concourse	Bx	B D	Subway	40.861296	-73.897749
154	149/GRAND CONC	IRT	202996.0	142205.0	IRT	149 St - Grand Concourse	390.0	603.0	415	Jerome Av	Bx	4	Subway	40.818375	-73.927351
155	111 ST	IRT	202592.0	93475.0	IRT	111 St	449.0	449.0	705	Flushing	Q	7	Elevated	40.75173	-73.855334
156	LORIMER ST	BMT	202312.0	90405.0	BMT	Lorimer St	99.0	99.0	M13	Jamaica	Bk	J M	Elevated	40.703869	-73.947408
157	CARROLL ST	IND	200507.0	89585.0	IND	Carroll St	237.0	237.0	F21	6th Av - Culver	Bk	F G	Subway	40.680303	-73.995048
158	CLINTON-WASH AV	IND	200136.0	106765.0	IND	Clinton - Washington Avs	177.0	177.0	A44	8th Av - Fulton St	Bk	C	Subway	40.683263000000004	-73.965838
159	QUEENS PLAZA	IND	198798.0	180088.0	IND	Queens Plaza	273.0	273.0	G21	Queens Blvd	Q	E M R	Subway	40.748973	-73.93724300000001
160	PELHAM PKWY	IRT	198668.0	102983.0	IRT	Pelham Pkwy	424.0	424.0	211	Lenox - White Plains Rd	Bx	2 5	Elevated	40.857192	-73.867615
161	PROSPECT PARK	BMT	198652.0	183789.0	BMT	Prospect Park	42.0	42.0	D26	Broadway - Brighton	Bk	B Q	Open Cut	40.661614	-73.962246
162	CHRISTOPHER ST	IRT	198196.0	164311.0	IRT	Christopher St - Sheridan Sq	323.0	323.0	133	Broadway - 7Av	M	1	Subway	40.733422	-74.00290600000001
163	BERGEN ST	IND	197552.0	124087.0	IND	Bergen St	236.0	236.0	F20	6th Av - Culver	Bk	F G	Subway	40.686145	-73.99086199999999
164	HOYT-SCHER	IND	193637.0	164818.0	IND	Hoyt - Schermerhorn Sts	175.0	175.0	A42	8th Av - Fulton St	Bk	A C G	Subway	40.688484	-73.985001
165	34 ST-HUDSON YD	IRT	193335.0	221450.0	IRT	34 St - 11 Av	471.0	471.0	726	Flushing	M	7	Subway	40.755882	-74.00191
166	14TH STREET	PTH	192970.0	177682.0	 	 									
167	110 ST	IRT	191114.0	165523.0	IRT	110 St	394.0	394.0	623	Lexington Av	M	6	Subway	40.79502	-73.94425
168	21 ST-QNSBRIDGE	IND	191105.0	129594.0	IND	21 St - Queensbridge	221.0	221.0	B04	63rd St	Q	F	Subway	40.754203000000004	-73.942836
169	7 AV	BMT	190768.0	179363.0	BMT	7 Av	41.0	41.0	D25	Broadway - Brighton	Bk	B Q	Subway	40.67705	-73.972367
170	181 ST	IND	190366.0	141289.0	IND	181 St	146.0	146.0	A06	8th Av - Fulton St	M	A	Subway	40.851695	-73.937969
171	LACKAWANNA	PTH	190291.0	248675.0	 	 									
172	FORDHAM RD	IRT	190022.0	37581.0	IRT	Fordham Rd	382.0	382.0	407	Jerome Av	Bx	4	Elevated	40.862803	-73.901034
173	NEWKIRK PLAZA	BMT	187724.0	175741.0	BMT	Newkirk Plaza	47.0	47.0	D31	Broadway - Brighton	Bk	B Q	Open Cut	40.635082000000004	-73.962793
174	RECTOR ST	IRT	184047.0	123155.0	IRT	Rector St	329.0	329.0	139	Broadway - 7Av	M	1	Subway	40.707513	-74.01378299999999
175	NEVINS ST	IRT	182883.0	175189.0	IRT	Nevins St	337.0	337.0	234	Eastern Pky	Bk	2 3 4 5	Subway	40.688246	-73.980492
176	INWOOD-207 ST	IND	182227.0	78980.0	IND	Inwood - 207 St	143.0	143.0	A02	8th Av - Fulton St	M	A	Subway	40.868072	-73.919899
177	THIRTY ST	PTH	182054.0	243245.0	 	 									
178	AVENUE U	BMT	180262.0	64055.0	BMT	Avenue U	52.0	52.0	D37	Broadway - Brighton	Bk	B Q	Open Cut	40.5993	-73.955929
179	GRAHAM AV	BMT	179867.0	122370.0	BMT	Graham Av	122.0	122.0	L11	Canarsie	Bk	L	Subway	40.714565	-73.944053
180	157 ST	IRT	178968.0	120907.0	IRT	157 St	303.0	303.0	113	Broadway - 7Av	M	1	Subway	40.834041	-73.94489
181	HUNTS POINT AV	IRT	178492.0	151668.0	IRT	Hunts Point Av	371.0	371.0	613	Pelham	Bx	6	Subway	40.820948	-73.890549
182	CHAMBERS ST	BMT	178467.0	226187.0	BMT	Chambers St	105.0	622.0	M21	Jamaica	M	J Z	Subway	40.713243	-74.003401
183	EUCLID AV	IND	177566.0	57230.0	IND	Euclid Av	188.0	188.0	A55	8th Av - Fulton St	Bk	A C	Subway	40.675377000000005	-73.872106
184	181 ST	IRT	177517.0	195115.0	IRT	181 St	301.0	301.0	111	Broadway - 7Av	M	1	Subway	40.849505	-73.933596
185	CENTRAL PK N110	IRT	173241.0	144378.0	IRT	Central Park North (110 St)	441.0	441.0	227	Lenox - White Plains Rd	M	2 3	Subway	40.799075	-73.95182199999999
186	167 ST	IND	173047.0	83873.0	IND	167 St	218.0	218.0	D10	Concourse	Bx	B D	Subway	40.833771	-73.91844
187	40 ST LOWERY ST	IRT	172969.0	152781.0	IRT	40 St	459.0	459.0	715	Flushing	Q	7	Elevated	40.743781	-73.92401600000001
188	GREENPOINT AV	IND	172205.0	125843.0	IND	Greenpoint Av	283.0	283.0	G26	Crosstown	Bk	G	Subway	40.731352	-73.954449
189	BURNSIDE AV	IRT	171873.0	97542.0	IRT	Burnside Av	384.0	384.0	409	Jerome Av	Bx	4	Elevated	40.853453	-73.907684
190	METROPOLITAN AV	IND	169052.0	114891.0	IND	Metropolitan Av	285.0	629.0	G29	Crosstown	Bk	G	Subway	40.712792	-73.951418
191	CHURCH AV	IND	168632.0	108970.0	IND	Church Av	243.0	243.0	F27	6th Av - Culver	Bk	F	Subway	40.644040999999994	-73.979678
192	TREMONT AV	IND	166682.0	105610.0	IND	Tremont Av	215.0	215.0	D07	Concourse	Bx	B D	Subway	40.85041	-73.905227
193	96 ST	IND	164622.0	125555.0	IND	96 St	157.0	157.0	A19	8th Av - Fulton St	M	B C	Subway	40.791641999999996	-73.96469599999999
194	DELANCEY/ESSEX	BMT	163624.0	104208.0	 	 									
195	BROADWAY JCT	IND	161298.0	154308.0	IND	Broadway Jct	184.0	621.0	A51	8th Av - Fulton St	Bk	A C	Subway	40.678334	-73.905316
196	NASSAU AV	IND	161276.0	77623.0	IND	Nassau Av	284.0	284.0	G28	Crosstown	Bk	G	Subway	40.724635	-73.951277
197	TWENTY THIRD ST	PTH	159662.0	148820.0	  	 									
198	CHURCH AV	IRT	159517.0	35214.0	IRT	Church Av	356.0	356.0	244	Nostrand	Bk	2 5	Subway	40.650843	-73.949575
199	18 AV	BMT	159381.0	54183.0	BMT	18 Av	66.0	66.0	B19	West End	Bk	D	Elevated	40.607954	-74.001736
200	4AV-9 ST	BMT	157908.0	109431.0											
201	BEDFORD-NOSTRAN	IND	157893.0	91945.0	IND	Bedford - Nostrand Avs	289.0	289.0	G33	Crosstown	Bk	G	Subway	40.689627	-73.95352199999999
202	46 ST	IND	156725.0	131071.0	IND	46 St	270.0	270.0	G18	Queens Blvd	Q	M R	Subway	40.756312	-73.913333
203	231 ST	IRT	153728.0	22227.0	IRT	231 St	295.0	295.0	104	Broadway - 7Av	Bx	1	Elevated	40.878856	-73.904834
204	33 ST-RAWSON ST	IRT	153628.0	124746.0	IRT	33 St	403.0	403.0	632	Lexington Av	M	6	Subway	40.746081	-73.982076
205	SIMPSON ST	IRT	152996.0	46069.0	IRT	Simpson St	430.0	430.0	217	Lenox - White Plains Rd	Bx	2 5	Elevated	40.824073	-73.893064
206	FLUSHING AV	BMT	151196.0	74775.0	BMT	Flushing Av	98.0	98.0	M12	Jamaica	Bk	J M	Elevated	40.70026	-73.941126
207	KINGSBRIDGE RD	IRT	150698.0	76195.0	IRT	Kingsbridge Rd	381.0	381.0	406	Jerome Av	Bx	4	Elevated	40.86776	-73.89717399999999
208	167 ST	IRT	150094.0	157441.0	IRT	167 St	388.0	388.0	413	Jerome Av	Bx	4	Elevated	40.835537	-73.9214
209	JEFFERSON ST	BMT	149834.0	35825.0	BMT	Jefferson St	126.0	126.0	L15	Canarsie	Bk	L	Subway	40.706607	-73.922913
210	HARRISON	PTH	148618.0	157641.0	 	 									
211	18 ST	IRT	147366.0	91673.0	IRT	18 St	321.0	321.0	131	Broadway - 7Av	M	1	Subway	40.741040000000005	-73.99787099999999
212	20 AV	BMT	146796.0	46249.0	BMT	20 Av	67.0	67.0	B20	West End	Bk	D	Elevated	40.604556	-73.998168
213	170 ST	IRT	146465.0	132112.0	IRT	170 St	387.0	387.0	412	Jerome Av	Bx	4	Elevated	40.840075	-73.91779100000001
214	MORGAN AV	BMT	145981.0	69880.0	BMT	Morgan Av	125.0	125.0	L14	Canarsie	Bk	L	Subway	40.706152	-73.93314699999999
215	67 AV	IND	145812.0	70555.0	IND	67 Av	262.0	262.0	G09	Queens Blvd	Q	M R	Subway	40.726523	-73.852719
216	NORWOOD 205 ST	IND	145364.0	105868.0	IND	Norwood - 205 St	210.0	210.0	D01	Concourse	Bx	D	Subway	40.874811	-73.878855
217	METS-WILLETS PT	IRT	143685.0	147555.0	IRT	Mets - Willets Point	448.0	448.0	702	Flushing	Q	7	Elevated	40.754622	-73.845625
218	116 ST	IND	143614.0	90929.0	IND	116 St	154.0	154.0	A16	8th Av - Fulton St	M	B C	Subway	40.805085	-73.954882
219	MOSHOLU PKWY	IRT	142044.0	47943.0	IRT	Mosholu Pkwy	379.0	379.0	402	Jerome Av	Bx	4	Elevated	40.87975	-73.88465500000001
220	ROOSEVELT ISLND	IND	139073.0	126308.0	IND	Roosevelt Island	222.0	222.0	B06	63rd St	M	F	Subway	40.759145000000004	-73.95326
221	3 AV 138 ST	IRT	138778.0	92376.0	IRT	3 Av - 138 St	377.0	377.0	619	Pelham	Bx	6	Subway	40.810476	-73.926138
222	KINGSBRIDGE RD	IND	135943.0	101285.0	IND	Kingsbridge Rd	212.0	212.0	D04	Concourse	Bx	B D	Subway	40.866978	-73.893509
223	169 ST	IND	135074.0	116441.0	IND	169 St	255.0	255.0	F02	Queens Blvd	Q	F	Subway	40.71047	-73.793604
224	OZONE PK LEFFRT	IND	133121.0	107860.0	IND	Ozone Park - Lefferts Blvd	195.0	195.0	A65	Liberty Av	Q	A	Elevated	40.685951	-73.82579799999999
225	E 180 ST	IRT	133015.0	115001.0	IRT	E 180 St	426.0	426.0	213	Lenox - White Plains Rd	Bx	2 5	Elevated	40.841894	-73.873488
226	155 ST	IND	131578.0	91221.0	IND	155 St	150.0	150.0	A11	8th Av - Fulton St	M	C	Subway	40.830518	-73.941514
227	ROCKAWAY BLVD	IND	131468.0	44631.0	IND	Rockaway Blvd	192.0	192.0	A61	Liberty Av	Q	A	Elevated	40.680429	-73.843853
228	PELHAM BAY PARK	IRT	131123.0	76717.0	IRT	Pelham Bay Park	360.0	360.0	601	Pelham	Bx	6	Elevated	40.852462	-73.828121
229	MONTROSE AV	BMT	129828.0	73241.0	BMT	Montrose Av	124.0	124.0	L13	Canarsie	Bk	L	Subway	40.707739000000004	-73.93985
230	3 AV	BMT	129469.0	126982.0	BMT	3 Av	118.0	118.0	L05	Canarsie	M	L	Subway	40.732849	-73.986122
231	GATES AV	BMT	128819.0	49400.0	BMT	Gates Av	95.0	95.0	J30	Jamaica	Bk	J Z	Elevated	40.68963	-73.92227
232	WOODLAWN	IRT	128417.0	31453.0	IRT	Woodlawn	378.0	378.0	401	Jerome Av	Bx	4	Elevated	40.886037	-73.878751
233	WEST FARMS SQ	IRT	127616.0	74222.0	IRT	West Farms Sq - E Tremont Av	427.0	427.0	214	Lenox - White Plains Rd	Bx	2 5	Elevated	40.840295000000005	-73.880049
234	DYCKMAN ST	IND	126051.0	3229.0	IND	Dyckman St	144.0	144.0	A03	8th Av - Fulton St	M	A	Subway	40.865491	-73.92727099999999
235	BAY RIDGE AV	BMT	125575.0	69007.0	BMT	Bay Ridge Av	36.0	36.0	R42	4th Av	Bk	R	Subway	40.634966999999996	-74.023377
236	NEWKIRK AV	IRT	125289.0	80132.0	IRT	Newkirk Av	358.0	358.0	246	Nostrand	Bk	2 5	Subway	40.639967	-73.948411
237	PROSPECT AV	IRT	123304.0	38513.0	IRT	Prospect Av	432.0	432.0	219	Lenox - White Plains Rd	Bx	2 5	Elevated	40.819585	-73.90177
238	GRAND ST	BMT	123227.0	118288.0	BMT	Grand St	123.0	123.0	L12	Canarsie	Bk	L	Subway	40.711926	-73.94067
239	PARKSIDE AV	BMT	123011.0	86182.0	BMT	Parkside Av	43.0	43.0	D27	Broadway - Brighton	Bk	B Q	Open Cut	40.655291999999996	-73.961495
240	53 ST	BMT	122899.0	119842.0	BMT	53 St	34.0	34.0	R40	4th Av	Bk	R	Subway	40.645069	-74.014034
241	191 ST	IRT	122516.0	143347.0	IRT	191 St	300.0	300.0	110	Broadway - 7Av	M	1	Subway	40.855225	-73.929412
242	GRAND ARMY PLAZ	IRT	122492.0	47383.0	IRT	Grand Army Plaza	340.0	340.0	237	Eastern Pky	Bk	2 3	Subway	40.675235	-73.971046
243	NORTHERN BLVD	IND	121854.0	100776.0	IND	Northern Blvd	269.0	269.0	G16	Queens Blvd	Q	M R	Subway	40.752885	-73.906006
244	RECTOR ST	BMT	121123.0	37157.0	BMT	Rector St	22.0	22.0	R26	Broadway	M	R W	Subway	40.70722	-74.01334200000001
245	45 ST	BMT	120800.0	68963.0	BMT	45 St	33.0	33.0	R39	4th Av	Bk	R	Subway	40.648939	-74.010006
246	V.CORTLANDT PK	IRT	119561.0	55135.0	IRT	Van Cortlandt Park - 242 St	293.0	293.0	101	Broadway - 7Av	Bx	1	Elevated	40.889247999999995	-73.898583
247	KINGSTON-THROOP	IND	119411.0	99257.0	IND	Kingston - Throop Avs	180.0	180.0	A47	8th Av - Fulton St	Bk	C	Subway	40.679921	-73.94085799999999
248	BEDFORD PK BLVD	IND	119333.0	75606.0	IND	Bedford Park Blvd	211.0	211.0	D03	Concourse	Bx	B D	Subway	40.873244	-73.88713800000001
249	WINTHROP ST	IRT	119004.0	23402.0	IRT	Winthrop St	355.0	355.0	243	Nostrand	Bk	2 5	Subway	40.656652	-73.9502
250	103 ST	IND	118509.0	69423.0	IND	103 St	156.0	156.0	A18	8th Av - Fulton St	M	B C	Subway	40.796092	-73.961454
251	FULTON ST	BMT	117856.0	139625.0	BMT	Fulton St	106.0	628.0	M22	Jamaica	M	J Z	Subway	40.710374	-74.007582
252	CORTELYOU RD	BMT	117378.0	37206.0	BMT	Cortelyou Rd	46.0	46.0	D30	Broadway - Brighton	Bk	B Q	Open Cut	40.640927000000005	-73.963891
253	6 AV	BMT	116849.0	48214.0	BMT	6 Av	116.0	601.0	L02	Canarsie	M	L	Subway	40.737334999999995	-73.996786
254	170 ST	IND	116430.0	61547.0	IND	170 St	217.0	217.0	D09	Concourse	Bx	B D	Subway	40.839306	-73.9134
255	FRANKLIN AV	IND	116345.0	118118.0	IND	Franklin Av	178.0	627.0	A45	8th Av - Fulton St	Bk	C	Subway	40.68138	-73.956848
256	HUNTERS PT AV	IRT	116292.0	95297.0	IRT	Hunters Point Av	463.0	463.0	720	Flushing	Q	7	Subway	40.742216	-73.948916
257	174 ST	IRT	116206.0	112189.0	IRT	174 St	428.0	428.0	215	Lenox - White Plains Rd	Bx	2 5	Elevated	40.837288	-73.887734
258	BROAD ST	BMT	115974.0	43459.0	BMT	Broad St	107.0	107.0	M23	Jamaica	M	J Z	Subway	40.706476	-74.01105600000001
259	FT HAMILTON PKY	BMT	114391.0	47684.0	BMT	Fort Hamilton Pkwy	60.0	60.0	B13	West End	Bk	D	Elevated	40.640914	-73.994304
260	DYCKMAN ST	IRT	114244.0	66061.0	IRT	Dyckman St	299.0	299.0	109	Broadway - 7Av	M	1	Elevated	40.860531	-73.925536
261	CASTLE HILL AV	IRT	113755.0	118380.0	IRT	Castle Hill Av	365.0	365.0	607	Pelham	Bx	6	Elevated	40.834255	-73.85122199999999
262	52 ST	IRT	112645.0	107859.0	IRT	52 St	457.0	457.0	713	Flushing	Q	7	Elevated	40.744149	-73.912549
263	15 ST-PROSPECT	IND	111409.0	67574.0	IND	15 St - Prospect Park	241.0	241.0	F25	6th Av - Culver	Bk	F G	Subway	40.660365000000006	-73.979493
264	MORISN AV/SNDVW	IRT	110240.0	96552.0	IRT	Morrison Av- Sound View	368.0	368.0	610	Pelham	Bx	6	Elevated	40.829521	-73.874516
265	AVENUE J	BMT	109380.0	53276.0	BMT	Avenue J	49.0	49.0	D33	Broadway - Brighton	Bk	B Q	Open Cut	40.625039	-73.960803
266	ELDER AV	IRT	108627.0	106343.0	IRT	Elder Av	369.0	369.0	611	Pelham	Bx	6	Elevated	40.828584	-73.879159
267	PARSONS BLVD	IND	108052.0	95452.0	IND	Parsons Blvd	256.0	256.0	F03	Queens Blvd	Q	F	Subway	40.707564	-73.803326
268	CANAL ST	IRT	107991.0	101209.0	IRT	Canal St	325.0	325.0	135	Broadway - 7Av	M	1	Subway	40.722854	-74.006277
269	UNION ST	BMT	107395.0	84375.0	BMT	Union St	28.0	28.0	R32	4th Av	Bk	R	Subway	40.677316	-73.98311
270	AVENUE M	BMT	106943.0	41293.0	BMT	Avenue M	50.0	50.0	D34	Broadway - Brighton	Bk	B Q	Open Cut	40.617618	-73.959399
271	NEWARK C	PTH	106444.0	76780.0	 	 									
272	RALPH AV	IND	105411.0	52795.0	IND	Ralph Av	182.0	182.0	A49	8th Av - Fulton St	Bk	C	Subway	40.678822	-73.92078599999999
273	CITY HALL	BMT	105018.0	60185.0	BMT	City Hall	20.0	20.0	R24	Broadway	M	R W	Subway	40.713282	-74.006978
274	KOSCIUSZKO ST	BMT	104609.0	34770.0	BMT	Kosciuszko St	96.0	96.0	J31	Jamaica	Bk	J	Elevated	40.693342	-73.928814
275	GRANT AV	IND	103741.0	87530.0	IND	Grant Av	189.0	189.0	A57	Liberty Av	Bk	A	Subway	40.677044	-73.86505
276	207 ST	IRT	103507.0	51817.0	IRT	207 St	298.0	298.0	108	Broadway - 7Av	M	1	Elevated	40.864621	-73.91882199999999
277	BROOK AV	IRT	102954.0	103664.0	IRT	Brook Av	376.0	376.0	618	Pelham	Bx	6	Subway	40.807565999999994	-73.91924
278	FRANKLIN ST	IRT	102745.0	58526.0	IRT	Franklin St	326.0	326.0	136	Broadway - 7Av	M	1	Subway	40.719318	-74.006886
279	FT HAMILTON PKY	IND	102002.0	38947.0	IND	Fort Hamilton Pkwy	242.0	242.0	F26	6th Av - Culver	Bk	F G	Subway	40.650782	-73.975776
280	WESTCHESTER SQ	IRT	101887.0	96388.0	IRT	Westchester Sq - E Tremont Av	363.0	363.0	604	Pelham	Bx	6	Elevated	40.839892	-73.842952
281	183 ST	IRT	101581.0	54062.0	IRT	183 St	383.0	383.0	408	Jerome Av	Bx	4	Elevated	40.858407	-73.903879
282	BAY RIDGE-95 ST	BMT	101120.0	62453.0	BMT	Bay Ridge - 95 St	39.0	39.0	R45	4th Av	Bk	R	Subway	40.616622	-74.030876
283	CHRISTOPHER ST	PTH	100866.0	109348.0	 	 									
284	MYRTLE-WILLOUGH	IND	100675.0	56221.0	IND	Myrtle - Willoughby Avs	288.0	288.0	G32	Crosstown	Bk	G	Subway	40.694568	-73.949046
285	176 ST	IRT	100445.0	57630.0	IRT	176 St	385.0	385.0	410	Jerome Av	Bx	4	Elevated	40.84848	-73.911794
286	SUTTER AV-RUTLD	IRT	100310.0	107364.0	IRT	Sutter Av - Rutland Rd	346.0	346.0	251	Eastern Pky	Bk	3	Elevated	40.664716999999996	-73.92260999999999
287	ROCKAWAY AV	IND	99712.0	60120.0	IND	Rockaway Av	183.0	183.0	A50	8th Av - Fulton St	Bk	C	Subway	40.678340000000006	-73.911946
288	79 ST	BMT	99364.0	31408.0	BMT	79 St	65.0	65.0	B18	West End	Bk	D	Elevated	40.613501	-74.00061
289	STERLING ST	IRT	98043.0	56641.0	IRT	Sterling St	354.0	354.0	242	Nostrand	Bk	2 5	Subway	40.662742	-73.95085
290	NEWARK HW BMEBE	PTH	97208.0	147696.0	 	 									
291	HOYT ST	IRT	96570.0	83144.0	IRT	Hoyt St	336.0	336.0	233	Eastern Pky	Bk	2 3	Subway	40.690545	-73.985065
292	77 ST	BMT	95626.0	34133.0	BMT	77 St	37.0	37.0	R43	4th Av	Bk	R	Subway	40.629742	-74.02551
293	71 ST	BMT	94362.0	36168.0	BMT	71 St	64.0	64.0	B17	West End	Bk	D	Elevated	40.619589000000005	-73.998864
294	COURT SQ-23 ST	IND	93780.0	32864.0	IND	Court Sq	274.0	606.0	F09	Queens Blvd	Q	E M	Subway	40.747846	-73.946
295	LAFAYETTE AV	IND	93702.0	42700.0	IND	Lafayette Av	176.0	176.0	A43	8th Av - Fulton St	Bk	C	Subway	40.686113	-73.973946
296	NEW UTRECHT AV	BMT	93125.0	34214.0	BMT	New Utrecht Av	73.0	615.0	N04	Sea Beach	Bk	N	Open Cut	40.624842	-73.996353
297	EASTN PKWY-MUSM	IRT	92651.0	87985.0	IRT	Eastern Pkwy - Brooklyn Museum	341.0	341.0	238	Eastern Pky	Bk	2 3	Subway	40.671987	-73.964375
298	JACKSON AV	IRT	92358.0	19144.0	IRT	Jackson Av	433.0	433.0	220	Lenox - White Plains Rd	Bx	2 5	Elevated	40.81649	-73.90780699999999
299	ALLERTON AV	IRT	91137.0	37744.0	IRT	Allerton Av	423.0	423.0	210	Lenox - White Plains Rd	Bx	2 5	Elevated	40.865462	-73.867352
300	9TH STREET	PTH	90946.0	94651.0	 	 									
301	36 ST	IND	90730.0	61708.0	IND	36 St	272.0	272.0	G20	Queens Blvd	Q	M R	Subway	40.752039	-73.928781
302	COURT SQ	IRT	90653.0	102252.0	IRT	Court Sq	462.0	606.0	719	Flushing	Q	7	Elevated	40.747023	-73.945264
303	174-175 STS	IND	90616.0	35160.0	IND	174-175 Sts	216.0	216.0	D08	Concourse	Bx	B D	Subway	40.8459	-73.910136
304	CLASSON AV	IND	90593.0	84634.0	IND	Classon Av	290.0	290.0	G34	Crosstown	Bk	G	Subway	40.688873	-73.96007
305	NEW LOTS	BMT	89931.0	86886.0	BMT	New Lots Av	136.0	136.0	L27	Canarsie	Bk	L	Elevated	40.658733000000005	-73.899232
306	KINGS HWY	IND	89555.0	77145.0	IND	Kings Hwy	250.0	250.0	F35	6th Av - Culver	Bk	F	Elevated	40.603217	-73.97236099999999
307	MT EDEN AV	IRT	89319.0	70009.0	IRT	Mt Eden Av	386.0	386.0	411	Jerome Av	Bx	4	Elevated	40.844434	-73.91468499999999
308	9 AV	BMT	89238.0	97714.0	BMT	9 Av	59.0	59.0	B12	West End	Bk	D	Open Cut	40.646291999999995	-73.994324
309	WAKEFIELD/241	IRT	88281.0	94448.0	IRT	Wakefield - 241 St	416.0	416.0	201	Lenox - White Plains Rd	Bx	2	Elevated	40.903125	-73.85061999999999
310	135 ST	IND	87476.0	65841.0	IND	135 St	152.0	152.0	A14	8th Av - Fulton St	M	B C	Subway	40.817894	-73.947649
311	25 AV	BMT	87460.0	24014.0	BMT	25 Av	69.0	69.0	B22	West End	Bk	D	Elevated	40.597704	-73.986829
312	FRESH POND RD	BMT	86770.0	93386.0	BMT	Fresh Pond Rd	109.0	109.0	M04	Myrtle Av	Q	M	Elevated	40.706185999999995	-73.895877
313	69 ST	IRT	85669.0	91014.0	IRT	69 St	455.0	455.0	711	Flushing	Q	7	Elevated	40.746325	-73.896403
314	PROSPECT AV	BMT	85575.0	70679.0	BMT	Prospect Av	30.0	30.0	R34	4th Av	Bk	R	Subway	40.665414	-73.99287199999999
315	233 ST	IRT	85246.0	28745.0	IRT	233 St	418.0	418.0	205	Lenox - White Plains Rd	Bx	2 5	Elevated	40.893193	-73.857473
316	182-183 STS	IND	84998.0	28275.0	IND	182-183 Sts	214.0	214.0	D06	Concourse	Bx	B D	Subway	40.856093	-73.900741
317	MARBLE HILL-225	IRT	84701.0	21006.0	IRT	Marble Hill - 225 St	296.0	296.0	106	Broadway - 7Av	M	1	Elevated	40.874561	-73.90983100000001
318	NEW LOTS AV	IRT	84622.0	86148.0	IRT	New Lots Av	352.0	352.0	257	Eastern Pky	Bk	3	Elevated	40.666235	-73.884079
319	190 ST	IND	84416.0	37636.0	IND	190 St	145.0	145.0	A05	8th Av - Fulton St	M	A	Subway	40.859021999999996	-73.93418
320	WILSON AV	BMT	83795.0	75435.0	BMT	Wilson Av	130.0	130.0	L20	Canarsie	Bk	L	Subway	40.688764	-73.904046
321	SMITH-9 ST	IND	83578.0	99967.0	IND	Smith - 9 Sts	238.0	238.0	F22	6th Av - Culver	Bk	F G	Viaduct	40.67358	-73.995959
322	FAR ROCKAWAY	IND	83133.0	87380.0	IND	Far Rockaway - Mott Av	209.0	209.0	H11	Rockaway	Q	A	Viaduct	40.603995	-73.75540500000001
323	BEDFORD PK BLVD	IRT	82185.0	63090.0	IRT	Bedford Park Blvd - Lehman College	380.0	380.0	405	Jerome Av	Bx	4	Elevated	40.873412	-73.890064
324	KINGSTON AV	IRT	81031.0	67288.0	IRT	Kingston Av	344.0	344.0	249	Eastern Pky	Bk	3	Subway	40.669399	-73.942161
325	E 149 ST	IRT	80543.0	79623.0	IRT	E 149 St	373.0	373.0	615	Pelham	Bx	6	Subway	40.812118	-73.904098
326	BRIARWOOD	IND	80530.0	41604.0	IND	Briarwood - Van Wyck Blvd	258.0	258.0	F05	Queens Blvd	Q	E F	Subway	40.709179	-73.820574
327	NECK RD	BMT	80520.0	22562.0	BMT	Neck Rd	53.0	53.0	D38	Broadway - Brighton	Bk	B Q	Open Cut	40.595246	-73.955161
328	WOODHAVEN BLVD	BMT	80371.0	42407.0	BMT	Woodhaven Blvd	83.0	83.0	J15	Jamaica	Q	J Z	Elevated	40.693878999999995	-73.851576
329	JAMAICA VAN WK	IND	80015.0	85058.0	IND	Jamaica - Van Wyck	280.0	280.0	G07	Queens - Archer	Q	E	Subway	40.702566	-73.816859
330	HOWARD BCH JFK	IND	79873.0	88807.0	IND	Howard Beach - JFK Airport	198.0	198.0	H03	Rockaway	Q	A	At Grade	40.660476	-73.830301
331	CRESCENT ST	BMT	79373.0	87998.0	BMT	Crescent St	87.0	87.0	J20	Jamaica	Bk	J Z	Elevated	40.683194	-73.873785
332	BROADWAY	IND	78860.0	64298.0	IND	Broadway	286.0	286.0	G30	Crosstown	Bk	G	Subway	40.706092	-73.95030799999999
333	SARATOGA AV	IRT	78097.0	81137.0	IRT	Saratoga Av	347.0	347.0	252	Eastern Pky	Bk	3	Elevated	40.661453	-73.916327
334	FREEMAN ST	IRT	77909.0	69607.0	IRT	Freeman St	429.0	429.0	216	Lenox - White Plains Rd	Bx	2 5	Elevated	40.829993	-73.891865
335	CLARK ST	IRT	77254.0	42364.0	IRT	Clark St	334.0	334.0	231	Clark St	Bk	2 3	Subway	40.697466	-73.993086
336	BEVERLY RD	IRT	74478.0	14115.0	IRT	Beverly Rd	357.0	357.0	245	Nostrand	Bk	2 5	Subway	40.645098	-73.948959
337	80 ST	IND	74391.0	41665.0	IND	80 St	190.0	190.0	A59	Liberty Av	Q	A	Elevated	40.679371	-73.858992
338	SUTPHIN BLVD	IND	73448.0	46148.0	IND	Sutphin Blvd	257.0	257.0	F04	Queens Blvd	Q	F	Subway	40.705459999999995	-73.81070799999999
339	SUTTER AV	BMT	72511.0	58636.0	BMT	Sutter Av	134.0	134.0	L25	Canarsie	Bk	L	Elevated	40.669367	-73.901975
340	18 AV	IND	72255.0	26059.0	IND	18 Av	245.0	245.0	F30	6th Av - Culver	Bk	F	Elevated	40.629754999999996	-73.97697099999999
341	EASTCHSTER/DYRE	IRT	72004.0	73005.0	IRT	Eastchester - Dyre Av	442.0	442.0	501	Dyre Av	Bx	5	At Grade	40.8883	-73.830834
342	ROCKAWAY AV	IRT	70914.0	81601.0	IRT	Rockaway Av	348.0	348.0	253	Eastern Pky	Bk	3	Elevated	40.662549	-73.908946
343	ST LAWRENCE AV	IRT	70612.0	68404.0	IRT	St Lawrence Av	367.0	367.0	609	Pelham	Bx	6	Elevated	40.831509000000004	-73.86761800000001
344	238 ST	IRT	70082.0	1988.0	IRT	238 St	294.0	294.0	103	Broadway - 7Av	Bx	1	Elevated	40.884667	-73.90087
345	225 ST	IRT	69483.0	34880.0	IRT	225 St	419.0	419.0	206	Lenox - White Plains Rd	Bx	2 5	Elevated	40.888022	-73.860341
346	BOWERY	BMT	69430.0	53026.0	BMT	Bowery	103.0	103.0	M19	Jamaica	M	J Z	Subway	40.720279999999995	-73.993915
347	DITMAS AV	IND	67189.0	39686.0	IND	Ditmas Av	244.0	244.0	F29	6th Av - Culver	Bk	F	Elevated	40.636119	-73.978172
348	NOSTRAND AV	IRT	66916.0	68997.0	IRT	Nostrand Av	343.0	343.0	248	Eastern Pky	Bk	3	Subway	40.669847	-73.950466
349	EAST 105 ST	BMT	66869.0	64047.0	BMT	E 105 St	137.0	137.0	L28	Canarsie	Bk	L	At Grade	40.650573	-73.899485
350	JAY ST-METROTEC	BMT	66456.0	45373.0	BMT	Jay St - MetroTech	25.0	636.0	R29	Broadway	Bk	R	Subway	40.69218	-73.98594200000001
351	4 AV-9 ST	IND	66448.0	89092.0	IND	4 Av	239.0	608.0	F23	6th Av - Culver	Bk	F G	Viaduct	40.670272	-73.989779
352	39 AV	BMT	65549.0	40598.0	BMT	39 Av	6.0	6.0	R08	Astoria	Q	N W	Elevated	40.752882	-73.932755
353	65 ST	IND	65434.0	47341.0	IND	65 St	268.0	268.0	G15	Queens Blvd	Q	M R	Subway	40.749669	-73.898453
354	HARLEM 148 ST	IRT	65276.0	60536.0	IRT	Harlem - 148 St	436.0	436.0	301	Lenox - White Plains Rd	M	3	Subway	40.823879999999996	-73.93647
355	85 ST-FOREST PK	BMT	65172.0	52820.0	BMT	85 St - Forest Pkwy	84.0	84.0	J16	Jamaica	Q	J	Elevated	40.692434999999996	-73.86001
356	BEVERLEY ROAD	BMT	64560.0	58947.0	BMT	Beverley Rd	45.0	45.0	D29	Broadway - Brighton	Bk	B Q	Open Cut	40.644031	-73.964492
357	PRESIDENT ST	IRT	63433.0	67755.0	IRT	President St	353.0	353.0	241	Nostrand	Bk	2 5	Subway	40.667883	-73.950683
358	BUHRE AV	IRT	62571.0	59173.0	IRT	Buhre Av	361.0	361.0	602	Pelham	Bx	6	Elevated	40.84681	-73.83256899999999
359	RIT-MANHATTAN	RIT	62503.0	1252.0	 	 									
360	PENNSYLVANIA AV	IRT	62056.0	32128.0	IRT	Pennsylvania Av	350.0	350.0	255	Eastern Pky	Bk	3	Elevated	40.664635	-73.89489499999999
361	25 ST	BMT	61485.0	50832.0	BMT	25 St	31.0	31.0	R35	4th Av	Bk	R	Subway	40.660396999999996	-73.998091
362	74 ST-BROADWAY	IRT	60480.0	92307.0	IRT	74 St - Broadway	454.0	616.0	710	Flushing	Q	7	Elevated	40.746848	-73.89139399999999
363	BERGEN ST	IRT	60378.0	48709.0	IRT	Bergen St	339.0	339.0	236	Eastern Pky	Bk	2 3	Subway	40.680828999999996	-73.975098
364	OCEAN PKWY	BMT	60238.0	31414.0	BMT	Ocean Pkwy	56.0	56.0	D41	Broadway - Brighton	Bk	Q	Elevated	40.576312	-73.968501
365	METROPOLITAN AV	BMT	59622.0	60155.0	BMT	Middle Village - Metropolitan Av	108.0	108.0	M01	Myrtle Av	Q	M	Elevated	40.711396	-73.889601
366	75 AV	IND	59377.0	16564.0	IND	75 Av	260.0	260.0	F07	Queens Blvd	Q	E F	Subway	40.718331	-73.837324
367	LIVONIA AV	BMT	59278.0	46250.0	BMT	Livonia Av	135.0	135.0	L26	Canarsie	Bk	L	Elevated	40.664038	-73.900571
368	CHAUNCEY ST	BMT	59142.0	26394.0	BMT	Chauncey St	93.0	93.0	J28	Jamaica	Bk	J Z	Elevated	40.682893	-73.91045600000001
369	219 ST	IRT	59093.0	33942.0	IRT	219 St	420.0	420.0	207	Lenox - White Plains Rd	Bx	2 5	Elevated	40.883895	-73.862633
370	RIT-ROOSEVELT	RIT	59068.0	1100.0	 	 									
371	75 ST-ELDERTS	BMT	58716.0	47155.0	BMT	75 St	85.0	85.0	J17	Jamaica	Q	J Z	Elevated	40.691324	-73.867139
372	W 8 ST-AQUARIUM	BMT	58536.0	49544.0	BMT	W 8 St - NY Aquarium	57.0	57.0	D42	Broadway - Brighton	Bk	F Q	Elevated	40.576127	-73.975939
373	FOREST AVE	BMT	58521.0	49113.0	BMT	Forest Av	110.0	110.0	M05	Myrtle Av	Q	M	Elevated	40.704423	-73.903077
374	NEREID AV	IRT	58060.0	24513.0	IRT	Nereid Av	417.0	417.0	204	Lenox - White Plains Rd	Bx	2 5	Elevated	40.898379	-73.854376
375	KNICKERBOCKER	BMT	57387.0	57960.0	BMT	Knickerbocker Av	113.0	113.0	M09	Myrtle Av	Bk	M	Elevated	40.698664	-73.91971099999999
376	PATH WTC 2	PTH	57367.0	211262.0	 	 									
377	SHEPHERD AV	IND	56244.0	30255.0	IND	Shepherd Av	187.0	187.0	A54	8th Av - Fulton St	Bk	C	Subway	40.67413	-73.88075
378	BURKE AV	IRT	56234.0	23459.0	IRT	Burke Av	422.0	422.0	209	Lenox - White Plains Rd	Bx	2 5	Elevated	40.871356	-73.867164
379	LONGWOOD AV	IRT	56108.0	50870.0	IRT	Longwood Av	372.0	372.0	614	Pelham	Bx	6	Subway	40.816103999999996	-73.896435
380	AVENUE H	BMT	55314.0	46462.0	BMT	Avenue H	48.0	48.0	D32	Broadway - Brighton	Bk	B Q	Open Cut	40.62927	-73.961639
381	NORWOOD AV	BMT	55210.0	57324.0	BMT	Norwood Av	88.0	88.0	J21	Jamaica	Bk	J Z	Elevated	40.68141	-73.880039
382	BAYCHESTER AV	IRT	55183.0	8498.0	IRT	Baychester Av	443.0	443.0	502	Dyre Av	Bx	5	Open Cut	40.878663	-73.83859100000001
383	CENTRAL AV	BMT	54791.0	50270.0	BMT	Central Av	114.0	114.0	M10	Myrtle Av	Bk	M	Elevated	40.697857	-73.927397
384	30 AV	BMT	54741.0	67148.0	BMT	30 Av	3.0	3.0	R04	Astoria	Q	N W	Elevated	40.766779	-73.921479
385	138/GRAND CONC	IRT	54624.0	50128.0	IRT	138 St - Grand Concourse	391.0	391.0	416	Jerome Av	Bx	4 5	Subway	40.813224	-73.929849
386	VAN SICLEN AVE	IND	54229.0	53776.0	IND	Van Siclen Av	186.0	186.0	A53	8th Av - Fulton St	Bk	C	Subway	40.672709999999995	-73.89035799999999
387	INTERVALE AV	IRT	54048.0	55048.0	IRT	Intervale Av	431.0	431.0	218	Lenox - White Plains Rd	Bx	2 5	Elevated	40.822181	-73.896736
388	CYPRESS AV	IRT	54032.0	38128.0	IRT	Cypress Av	375.0	375.0	617	Pelham	Bx	6	Subway	40.805368	-73.91404200000001
389	50 ST	BMT	53611.0	50628.0	BMT	50 St	61.0	61.0	B14	West End	Bk	D	Elevated	40.63626	-73.994791
390	CLEVELAND ST	BMT	52561.0	56308.0	BMT	Cleveland St	89.0	89.0	J22	Jamaica	Bk	J	Elevated	40.679947	-73.884639
391	AVENUE X	IND	50775.0	33257.0	IND	Avenue X	252.0	252.0	F38	6th Av - Culver	Bk	F	Elevated	40.589620000000004	-73.97425
392	FLUSHING AV	IND	49888.0	51388.0	IND	Flushing Av	287.0	287.0	G31	Crosstown	Bk	G	Subway	40.700377	-73.950234
393	HEWES ST	BMT	49446.0	22243.0	BMT	Hewes St	100.0	100.0	M14	Jamaica	Bk	J M	Elevated	40.70687	-73.95343100000001
394	PARK PLACE	IRT	49007.0	40341.0	IRT	Park Pl	331.0	624.0	228	Clark St	M	2 3	Subway	40.713051	-74.008811
395	88 ST	IND	48391.0	19603.0	IND	88 St	191.0	191.0	A60	Liberty Av	Q	A	Elevated	40.679843	-73.85146999999999
396	BEACH 67 ST	IND	47618.0	37156.0	IND	Beach 67 St	204.0	204.0	H06	Rockaway	Q	A	Viaduct	40.590927	-73.796924
397	VAN SICLEN AV	BMT	47412.0	51739.0	BMT	Van Siclen Av	90.0	90.0	J23	Jamaica	Bk	J Z	Elevated	40.678024	-73.891688
398	LIBERTY AV	IND	46811.0	23134.0	IND	Liberty Av	185.0	185.0	A52	8th Av - Fulton St	Bk	C	Subway	40.674541999999995	-73.896548
399	BAY 50 ST	BMT	46134.0	8995.0	BMT	Bay 50 St	70.0	70.0	B23	West End	Bk	D	Elevated	40.588840999999995	-73.983765
400	BOROUGH HALL	BMT	45662.0	28570.0	 	 									
401	111 ST	BMT	45372.0	27874.0	BMT	111 St	81.0	81.0	J13	Jamaica	Q	J	Elevated	40.697418	-73.836345
402	ZEREGA AV	IRT	44657.0	41479.0	IRT	Zerega Av	364.0	364.0	606	Pelham	Bx	6	Elevated	40.836488	-73.847036
403	AQUEDUCT RACETR	IND	44411.0	3550.0	IND	Aqueduct Racetrack	196.0	196.0	H01	Rockaway	Q	A	At Grade	40.672096999999994	-73.83591899999999
404	111 ST	IND	43616.0	14649.0	IND	111 St	194.0	194.0	A64	Liberty Av	Q	A	Elevated	40.684331	-73.832163
405	VAN SICLEN AV	IRT	43186.0	44846.0	IRT	Van Siclen Av	351.0	351.0	256	Eastern Pky	Bk	3	Elevated	40.665449	-73.889395
406	BRONX PARK EAST	IRT	41472.0	17673.0	IRT	Bronx Park East	425.0	425.0	212	Lenox - White Plains Rd	Bx	2 5	Elevated	40.848828000000005	-73.86845699999999
407	BUSHWICK AV	BMT	40370.0	29298.0	BMT	Bushwick Av - Aberdeen St	131.0	131.0	L21	Canarsie	Bk	L	Subway	40.682829	-73.905249
408	BEACH 60 ST	IND	39616.0	29999.0	IND	Beach 60 St	205.0	205.0	H07	Rockaway	Q	A	Viaduct	40.592374	-73.788522
409	ALABAMA AV	BMT	39417.0	40920.0	BMT	Alabama Av	91.0	91.0	J24	Jamaica	Bk	J	Elevated	40.676992	-73.89865400000001
410	104 ST	BMT	39052.0	20562.0	BMT	104 St	82.0	82.0	J14	Jamaica	Q	J Z	Elevated	40.695178000000006	-73.84433
411	MORRIS PARK	IRT	37903.0	39702.0	IRT	Morris Park	446.0	446.0	505	Dyre Av	Bx	5	Open Cut	40.854364000000004	-73.860495
412	SENECA AVE	BMT	37887.0	37090.0	BMT	Seneca Av	111.0	111.0	M06	Myrtle Av	Q	M	Elevated	40.702762	-73.90774
413	55 ST	BMT	36941.0	16506.0	BMT	55 St	62.0	62.0	B15	West End	Bk	D	Elevated	40.631434999999996	-73.995476
414	MIDDLETOWN RD	IRT	34744.0	33612.0	IRT	Middletown Rd	362.0	362.0	603	Pelham	Bx	6	Elevated	40.843863	-73.836322
415	ATLANTIC AV	BMT	33889.0	13309.0	BMT	Atlantic Av	133.0	133.0	L24	Canarsie	Bk	L	Elevated	40.675345	-73.903097
416	BEACH 25 ST	IND	32319.0	34760.0	IND	Beach 25 St	208.0	208.0	H10	Rockaway	Q	A	Viaduct	40.600066	-73.761353
417	21 ST	IND	32171.0	34324.0	IND	21 St	282.0	282.0	G24	Crosstown	Q	G	Subway	40.744065	-73.949724
418	WHITLOCK AV	IRT	31338.0	34387.0	IRT	Whitlock Av	370.0	370.0	612	Pelham	Bx	6	Elevated	40.826525	-73.88628299999999
419	PARK PLACE	BMT	31107.0	35447.0	BMT	Park Pl	141.0	141.0	S03	Franklin Shuttle	Bk	S	Open Cut	40.674772	-73.957624
420	JUNIUS ST	IRT	30958.0	36340.0	IRT	Junius St	349.0	349.0	254	Eastern Pky	Bk	3	Elevated	40.663515000000004	-73.902447
421	104 ST	IND	30791.0	11052.0	IND	104 St	193.0	193.0	A63	Liberty Av	Q	A	Elevated	40.681711	-73.837683
422	AVENUE N	IND	29670.0	2979.0	IND	Avenue N	248.0	248.0	F33	6th Av - Culver	Bk	F	Elevated	40.615140000000004	-73.974197
423	215 ST	IRT	28584.0	25066.0	IRT	215 St	297.0	297.0	107	Broadway - 7Av	M	1	Elevated	40.869444	-73.915279
424	36 AV	BMT	26077.0	31307.0	BMT	36 Av	5.0	5.0	R06	Astoria	Q	N W	Elevated	40.756803999999995	-73.929575
425	NEPTUNE AV	IND	24750.0	9189.0	IND	Neptune Av	253.0	253.0	F39	6th Av - Culver	Bk	F	Elevated	40.581011	-73.974574
426	CYPRESS HILLS	BMT	24664.0	15756.0	BMT	Cypress Hills	86.0	86.0	J19	Jamaica	Bk	J	Elevated	40.689941	-73.87255
427	AVENUE P	IND	23124.0	3124.0	IND	Avenue P	249.0	249.0	F34	6th Av - Culver	Bk	F	Elevated	40.608944	-73.973022
428	BOTANIC GARDEN	BMT	23069.0	37163.0	BMT	Botanic Garden	142.0	626.0	S04	Franklin Shuttle	Bk	S	Open Cut	40.670343	-73.959245
429	BEACH 90 ST	IND	22784.0	18756.0	IND	Beach 90 St	200.0	200.0	H12	Rockaway	Q	A S	Viaduct	40.588034	-73.813641
430	121 ST	BMT	21558.0	9228.0	BMT	121 St	80.0	80.0	J12	Jamaica	Q	J Z	Elevated	40.700492	-73.828294
431	NEWARK HM HE	PTH	20745.0	314711.0	 	 									
432	BEACH 36 ST	IND	17019.0	18644.0	IND	Beach 36 St	207.0	207.0	H09	Rockaway	Q	A	Viaduct	40.595397999999996	-73.768175
433	E 143/ST MARY'S	IRT	16316.0	18926.0	IRT	E 143 St - St Mary's St	374.0	374.0	616	Pelham	Bx	6	Subway	40.808719	-73.907657
434	AQUEDUCT N.COND	IND	16198.0	33978.0	IND	Aqueduct - N Conduit Av	197.0	197.0	H02	Rockaway	Q	A	At Grade	40.668234000000005	-73.834058
435	ROCKAWAY PARK B	IND	15468.0	17951.0	IND	Rockaway Park - Beach 116 St	203.0	203.0	H15	Rockaway	Q	A S	At Grade	40.580903	-73.835592
436	TOMPKINSVILLE	SRT	14339.0	0.0	SIR	Tompkinsville	502.0	502.0	S30	Staten Island	SI	SIR	At Grade	40.636949	-74.074835
437	BEACH 44 ST	IND	13326.0	14187.0	IND	Beach 44 St	206.0	206.0	H08	Rockaway	Q	A	Viaduct	40.592943	-73.776013
438	AVENUE I	IND	11428.0	5034.0	IND	Avenue I	246.0	246.0	F31	6th Av - Culver	Bk	F	Elevated	40.625322	-73.976127
439	AVENUE U	IND	10141.0	7858.0	IND	Avenue U	251.0	251.0	F36	6th Av - Culver	Bk	F	Elevated	40.596063	-73.973357
440	BEACH 98 ST	IND	9126.0	9645.0	IND	Beach 98 St	201.0	201.0	H13	Rockaway	Q	A S	Viaduct	40.585307	-73.82055799999999
441	BEACH 105 ST	IND	7101.0	7305.0	IND	Beach 105 St	202.0	202.0	H14	Rockaway	Q	A S	Viaduct	40.583209000000004	-73.827559
442	BAY PKWY	IND	6646.0	2039.0	IND	Bay Pkwy	247.0	247.0	F32	6th Av - Culver	Bk	F	Elevated	40.620769	-73.975264
443	BROAD CHANNEL	IND	5363.0	1580.0	IND	Broad Channel	199.0	199.0	H04	Rockaway	Q	A S	At Grade	40.608382	-73.815925
444	ORCHARD BEACH	IND	312.0	373.0	  	 									
